D0001,2010,01,72
D0001,2010,02,56
D0001,2010,03,21
D0001,2010,04,12
D0001,2010,05,13
D0001,2010,06,41
D0001,2010,07,70
D0001,2010,08,64
D0001,2010,09,47
D0001,2010,10,88
D0001,2010,11,60
D0001,2010,12,56
D0001,2011,01,18
D0001,2011,02,16
D0001,2011,03,41
D0001,2011,04,35
D0001,2011,05,62
D0001,2011,06,60
D0001,2011,07,45
D0001,2011,08,86
D0001,2011,09,85
D0001,2011,10,48
D0001,2011,11,18
D0001,2011,12,21
D0001,2012,01,18
D0001,2012,02,69
D0001,2012,03,87
D0001,2012,04,85
D0001,2012,05,85
D0001,2012,06,61
D0001,2012,07,41
D0001,2012,08,87
D0001,2012,09,82
D0001,2012,10,62
D0001,2012,11,83
D0001,2012,12,28
D0001,2013,01,91
D0001,2013,02,67
D0001,2013,03,97
D0001,2013,04,90
D0001,2013,05,11
D0001,2013,06,72
D0001,2013,07,56
D0001,2013,08,11
D0001,2013,09,72
D0001,2013,10,38
D0001,2013,11,51
D0001,2013,12,45
D0001,2014,01,53
D0001,2014,02,50
D0001,2014,03,23
D0001,2014,04,58
D0001,2014,05,44
D0001,2014,06,52
D0001,2014,07,89
D0001,2014,08,35
D0001,2014,09,22
D0001,2014,10,29
D0001,2014,11,21
D0001,2014,12,45
D0001,2015,01,18
D0001,2015,02,39
D0001,2015,03,97
D0001,2015,04,87
D0001,2015,05,51
D0001,2015,06,94
D0001,2015,07,11
D0001,2015,08,39
D0001,2015,09,38
D0001,2015,10,95
D0001,2015,11,69
D0001,2015,12,74
D0001,2016,01,49
D0001,2016,02,69
D0001,2016,03,87
D0001,2016,04,68
D0001,2016,05,15
D0001,2016,06,35
D0001,2016,07,32
D0001,2016,08,84
D0001,2016,09,18
D0001,2016,10,51
D0001,2016,11,18
D0001,2016,12,80
D0001,2017,01,24
D0001,2017,02,40
D0001,2017,03,16
D0001,2017,04,15
D0001,2017,05,29
D0001,2017,06,85
D0001,2017,07,57
D0001,2017,08,25
D0001,2017,09,92
D0001,2017,10,34
D0001,2017,11,66
D0001,2017,12,58
D0001,2018,01,10
D0001,2018,02,63
D0001,2018,03,26
D0001,2018,04,37
D0001,2018,05,10
D0001,2018,06,31
D0001,2018,07,96
D0001,2018,08,40
D0001,2018,09,58
D0001,2018,10,27
D0001,2018,11,74
D0001,2018,12,56
D0002,2010,01,16
D0002,2010,02,94
D0002,2010,03,66
D0002,2010,04,56
D0002,2010,05,62
D0002,2010,06,55
D0002,2010,07,83
D0002,2010,08,85
D0002,2010,09,28
D0002,2010,10,12
D0002,2010,11,20
D0002,2010,12,35
D0002,2011,01,97
D0002,2011,02,37
D0002,2011,03,77
D0002,2011,04,28
D0002,2011,05,13
D0002,2011,06,91
D0002,2011,07,36
D0002,2011,08,79
D0002,2011,09,95
D0002,2011,10,85
D0002,2011,11,29
D0002,2011,12,48
D0002,2012,01,55
D0002,2012,02,43
D0002,2012,03,24
D0002,2012,04,10
D0002,2012,05,90
D0002,2012,06,70
D0002,2012,07,31
D0002,2012,08,97
D0002,2012,09,73
D0002,2012,10,38
D0002,2012,11,53
D0002,2012,12,22
D0002,2013,01,25
D0002,2013,02,76
D0002,2013,03,19
D0002,2013,04,23
D0002,2013,05,33
D0002,2013,06,99
D0002,2013,07,100
D0002,2013,08,68
D0002,2013,09,17
D0002,2013,10,34
D0002,2013,11,54
D0002,2013,12,12
D0002,2014,01,73
D0002,2014,02,53
D0002,2014,03,72
D0002,2014,04,51
D0002,2014,05,79
D0002,2014,06,10
D0002,2014,07,78
D0002,2014,08,14
D0002,2014,09,71
D0002,2014,10,12
D0002,2014,11,66
D0002,2014,12,84
D0002,2015,01,67
D0002,2015,02,77
D0002,2015,03,54
D0002,2015,04,93
D0002,2015,05,55
D0002,2015,06,70
D0002,2015,07,51
D0002,2015,08,43
D0002,2015,09,26
D0002,2015,10,96
D0002,2015,11,30
D0002,2015,12,82
D0002,2016,01,96
D0002,2016,02,43
D0002,2016,03,12
D0002,2016,04,69
D0002,2016,05,70
D0002,2016,06,30
D0002,2016,07,53
D0002,2016,08,82
D0002,2016,09,15
D0002,2016,10,20
D0002,2016,11,20
D0002,2016,12,64
D0002,2017,01,15
D0002,2017,02,60
D0002,2017,03,57
D0002,2017,04,55
D0002,2017,05,61
D0002,2017,06,62
D0002,2017,07,84
D0002,2017,08,66
D0002,2017,09,64
D0002,2017,10,35
D0002,2017,11,31
D0002,2017,12,69
D0002,2018,01,38
D0002,2018,02,69
D0002,2018,03,61
D0002,2018,04,63
D0002,2018,05,67
D0002,2018,06,26
D0002,2018,07,51
D0002,2018,08,87
D0002,2018,09,88
D0002,2018,10,17
D0002,2018,11,18
D0002,2018,12,96
D0003,2010,01,34
D0003,2010,02,39
D0003,2010,03,13
D0003,2010,04,50
D0003,2010,05,48
D0003,2010,06,70
D0003,2010,07,32
D0003,2010,08,37
D0003,2010,09,89
D0003,2010,10,33
D0003,2010,11,55
D0003,2010,12,65
D0003,2011,01,30
D0003,2011,02,41
D0003,2011,03,37
D0003,2011,04,100
D0003,2011,05,96
D0003,2011,06,89
D0003,2011,07,80
D0003,2011,08,31
D0003,2011,09,14
D0003,2011,10,17
D0003,2011,11,92
D0003,2011,12,60
D0003,2012,01,24
D0003,2012,02,35
D0003,2012,03,47
D0003,2012,04,14
D0003,2012,05,38
D0003,2012,06,18
D0003,2012,07,37
D0003,2012,08,62
D0003,2012,09,21
D0003,2012,10,93
D0003,2012,11,37
D0003,2012,12,63
D0003,2013,01,64
D0003,2013,02,48
D0003,2013,03,75
D0003,2013,04,54
D0003,2013,05,66
D0003,2013,06,76
D0003,2013,07,45
D0003,2013,08,98
D0003,2013,09,93
D0003,2013,10,79
D0003,2013,11,67
D0003,2013,12,21
D0003,2014,01,82
D0003,2014,02,38
D0003,2014,03,96
D0003,2014,04,75
D0003,2014,05,33
D0003,2014,06,70
D0003,2014,07,95
D0003,2014,08,78
D0003,2014,09,31
D0003,2014,10,49
D0003,2014,11,34
D0003,2014,12,72
D0003,2015,01,37
D0003,2015,02,20
D0003,2015,03,85
D0003,2015,04,96
D0003,2015,05,98
D0003,2015,06,80
D0003,2015,07,100
D0003,2015,08,35
D0003,2015,09,27
D0003,2015,10,29
D0003,2015,11,52
D0003,2015,12,36
D0003,2016,01,38
D0003,2016,02,49
D0003,2016,03,40
D0003,2016,04,50
D0003,2016,05,69
D0003,2016,06,80
D0003,2016,07,56
D0003,2016,08,55
D0003,2016,09,69
D0003,2016,10,71
D0003,2016,11,65
D0003,2016,12,46
D0003,2017,01,31
D0003,2017,02,100
D0003,2017,03,88
D0003,2017,04,54
D0003,2017,05,89
D0003,2017,06,17
D0003,2017,07,21
D0003,2017,08,78
D0003,2017,09,10
D0003,2017,10,71
D0003,2017,11,43
D0003,2017,12,40
D0003,2018,01,29
D0003,2018,02,10
D0003,2018,03,60
D0003,2018,04,11
D0003,2018,05,19
D0003,2018,06,61
D0003,2018,07,21
D0003,2018,08,57
D0003,2018,09,47
D0003,2018,10,92
D0003,2018,11,79
D0003,2018,12,49
D0004,2010,01,90
D0004,2010,02,81
D0004,2010,03,51
D0004,2010,04,79
D0004,2010,05,80
D0004,2010,06,40
D0004,2010,07,75
D0004,2010,08,41
D0004,2010,09,33
D0004,2010,10,41
D0004,2010,11,29
D0004,2010,12,64
D0004,2011,01,69
D0004,2011,02,81
D0004,2011,03,75
D0004,2011,04,60
D0004,2011,05,11
D0004,2011,06,87
D0004,2011,07,85
D0004,2011,08,37
D0004,2011,09,41
D0004,2011,10,44
D0004,2011,11,11
D0004,2011,12,22
D0004,2012,01,95
D0004,2012,02,93
D0004,2012,03,99
D0004,2012,04,63
D0004,2012,05,40
D0004,2012,06,37
D0004,2012,07,80
D0004,2012,08,40
D0004,2012,09,73
D0004,2012,10,60
D0004,2012,11,62
D0004,2012,12,90
D0004,2013,01,88
D0004,2013,02,48
D0004,2013,03,69
D0004,2013,04,83
D0004,2013,05,31
D0004,2013,06,81
D0004,2013,07,72
D0004,2013,08,100
D0004,2013,09,44
D0004,2013,10,88
D0004,2013,11,10
D0004,2013,12,48
D0004,2014,01,43
D0004,2014,02,30
D0004,2014,03,71
D0004,2014,04,43
D0004,2014,05,47
D0004,2014,06,78
D0004,2014,07,25
D0004,2014,08,14
D0004,2014,09,29
D0004,2014,10,90
D0004,2014,11,100
D0004,2014,12,27
D0004,2015,01,22
D0004,2015,02,74
D0004,2015,03,72
D0004,2015,04,35
D0004,2015,05,44
D0004,2015,06,60
D0004,2015,07,76
D0004,2015,08,10
D0004,2015,09,58
D0004,2015,10,52
D0004,2015,11,92
D0004,2015,12,35
D0004,2016,01,28
D0004,2016,02,57
D0004,2016,03,97
D0004,2016,04,58
D0004,2016,05,68
D0004,2016,06,17
D0004,2016,07,46
D0004,2016,08,42
D0004,2016,09,43
D0004,2016,10,89
D0004,2016,11,78
D0004,2016,12,86
D0004,2017,01,50
D0004,2017,02,96
D0004,2017,03,42
D0004,2017,04,95
D0004,2017,05,71
D0004,2017,06,49
D0004,2017,07,56
D0004,2017,08,44
D0004,2017,09,36
D0004,2017,10,89
D0004,2017,11,19
D0004,2017,12,40
D0004,2018,01,54
D0004,2018,02,23
D0004,2018,03,94
D0004,2018,04,49
D0004,2018,05,62
D0004,2018,06,22
D0004,2018,07,32
D0004,2018,08,95
D0004,2018,09,63
D0004,2018,10,76
D0004,2018,11,36
D0004,2018,12,33
D0005,2010,01,23
D0005,2010,02,97
D0005,2010,03,64
D0005,2010,04,37
D0005,2010,05,17
D0005,2010,06,57
D0005,2010,07,64
D0005,2010,08,38
D0005,2010,09,76
D0005,2010,10,20
D0005,2010,11,42
D0005,2010,12,97
D0005,2011,01,99
D0005,2011,02,13
D0005,2011,03,42
D0005,2011,04,44
D0005,2011,05,42
D0005,2011,06,14
D0005,2011,07,93
D0005,2011,08,76
D0005,2011,09,65
D0005,2011,10,54
D0005,2011,11,46
D0005,2011,12,27
D0005,2012,01,65
D0005,2012,02,91
D0005,2012,03,30
D0005,2012,04,42
D0005,2012,05,73
D0005,2012,06,17
D0005,2012,07,39
D0005,2012,08,69
D0005,2012,09,99
D0005,2012,10,56
D0005,2012,11,62
D0005,2012,12,86
D0005,2013,01,45
D0005,2013,02,18
D0005,2013,03,20
D0005,2013,04,90
D0005,2013,05,51
D0005,2013,06,57
D0005,2013,07,48
D0005,2013,08,28
D0005,2013,09,96
D0005,2013,10,69
D0005,2013,11,28
D0005,2013,12,100
D0005,2014,01,91
D0005,2014,02,73
D0005,2014,03,64
D0005,2014,04,46
D0005,2014,05,87
D0005,2014,06,95
D0005,2014,07,78
D0005,2014,08,88
D0005,2014,09,22
D0005,2014,10,75
D0005,2014,11,19
D0005,2014,12,61
D0005,2015,01,68
D0005,2015,02,62
D0005,2015,03,68
D0005,2015,04,13
D0005,2015,05,85
D0005,2015,06,22
D0005,2015,07,23
D0005,2015,08,12
D0005,2015,09,39
D0005,2015,10,20
D0005,2015,11,24
D0005,2015,12,71
D0005,2016,01,86
D0005,2016,02,16
D0005,2016,03,98
D0005,2016,04,28
D0005,2016,05,66
D0005,2016,06,56
D0005,2016,07,79
D0005,2016,08,36
D0005,2016,09,85
D0005,2016,10,91
D0005,2016,11,34
D0005,2016,12,29
D0005,2017,01,36
D0005,2017,02,53
D0005,2017,03,62
D0005,2017,04,71
D0005,2017,05,91
D0005,2017,06,95
D0005,2017,07,65
D0005,2017,08,30
D0005,2017,09,90
D0005,2017,10,73
D0005,2017,11,100
D0005,2017,12,88
D0005,2018,01,63
D0005,2018,02,78
D0005,2018,03,93
D0005,2018,04,58
D0005,2018,05,26
D0005,2018,06,89
D0005,2018,07,48
D0005,2018,08,28
D0005,2018,09,64
D0005,2018,10,41
D0005,2018,11,34
D0005,2018,12,96
D0006,2010,01,14
D0006,2010,02,84
D0006,2010,03,51
D0006,2010,04,98
D0006,2010,05,34
D0006,2010,06,54
D0006,2010,07,59
D0006,2010,08,91
D0006,2010,09,85
D0006,2010,10,91
D0006,2010,11,68
D0006,2010,12,93
D0006,2011,01,51
D0006,2011,02,50
D0006,2011,03,30
D0006,2011,04,81
D0006,2011,05,98
D0006,2011,06,16
D0006,2011,07,14
D0006,2011,08,53
D0006,2011,09,35
D0006,2011,10,29
D0006,2011,11,68
D0006,2011,12,67
D0006,2012,01,92
D0006,2012,02,44
D0006,2012,03,21
D0006,2012,04,43
D0006,2012,05,92
D0006,2012,06,96
D0006,2012,07,54
D0006,2012,08,26
D0006,2012,09,57
D0006,2012,10,51
D0006,2012,11,16
D0006,2012,12,61
D0006,2013,01,48
D0006,2013,02,67
D0006,2013,03,72
D0006,2013,04,98
D0006,2013,05,58
D0006,2013,06,50
D0006,2013,07,31
D0006,2013,08,92
D0006,2013,09,57
D0006,2013,10,67
D0006,2013,11,16
D0006,2013,12,49
D0006,2014,01,76
D0006,2014,02,47
D0006,2014,03,32
D0006,2014,04,55
D0006,2014,05,84
D0006,2014,06,52
D0006,2014,07,36
D0006,2014,08,21
D0006,2014,09,75
D0006,2014,10,31
D0006,2014,11,16
D0006,2014,12,51
D0006,2015,01,17
D0006,2015,02,68
D0006,2015,03,33
D0006,2015,04,54
D0006,2015,05,97
D0006,2015,06,78
D0006,2015,07,54
D0006,2015,08,98
D0006,2015,09,58
D0006,2015,10,81
D0006,2015,11,11
D0006,2015,12,85
D0006,2016,01,17
D0006,2016,02,37
D0006,2016,03,89
D0006,2016,04,94
D0006,2016,05,63
D0006,2016,06,76
D0006,2016,07,40
D0006,2016,08,49
D0006,2016,09,97
D0006,2016,10,40
D0006,2016,11,100
D0006,2016,12,76
D0006,2017,01,65
D0006,2017,02,80
D0006,2017,03,19
D0006,2017,04,37
D0006,2017,05,13
D0006,2017,06,90
D0006,2017,07,24
D0006,2017,08,63
D0006,2017,09,39
D0006,2017,10,35
D0006,2017,11,87
D0006,2017,12,30
D0006,2018,01,99
D0006,2018,02,51
D0006,2018,03,36
D0006,2018,04,21
D0006,2018,05,86
D0006,2018,06,15
D0006,2018,07,86
D0006,2018,08,87
D0006,2018,09,78
D0006,2018,10,81
D0006,2018,11,42
D0006,2018,12,85
D0007,2010,01,23
D0007,2010,02,11
D0007,2010,03,23
D0007,2010,04,53
D0007,2010,05,73
D0007,2010,06,10
D0007,2010,07,59
D0007,2010,08,48
D0007,2010,09,11
D0007,2010,10,96
D0007,2010,11,49
D0007,2010,12,12
D0007,2011,01,91
D0007,2011,02,29
D0007,2011,03,70
D0007,2011,04,28
D0007,2011,05,84
D0007,2011,06,26
D0007,2011,07,86
D0007,2011,08,16
D0007,2011,09,31
D0007,2011,10,12
D0007,2011,11,66
D0007,2011,12,43
D0007,2012,01,56
D0007,2012,02,23
D0007,2012,03,10
D0007,2012,04,44
D0007,2012,05,55
D0007,2012,06,30
D0007,2012,07,20
D0007,2012,08,68
D0007,2012,09,56
D0007,2012,10,66
D0007,2012,11,23
D0007,2012,12,46
D0007,2013,01,78
D0007,2013,02,62
D0007,2013,03,35
D0007,2013,04,83
D0007,2013,05,76
D0007,2013,06,52
D0007,2013,07,12
D0007,2013,08,53
D0007,2013,09,73
D0007,2013,10,77
D0007,2013,11,29
D0007,2013,12,35
D0007,2014,01,95
D0007,2014,02,56
D0007,2014,03,39
D0007,2014,04,65
D0007,2014,05,56
D0007,2014,06,87
D0007,2014,07,15
D0007,2014,08,96
D0007,2014,09,47
D0007,2014,10,22
D0007,2014,11,90
D0007,2014,12,35
D0007,2015,01,68
D0007,2015,02,83
D0007,2015,03,53
D0007,2015,04,36
D0007,2015,05,63
D0007,2015,06,72
D0007,2015,07,54
D0007,2015,08,10
D0007,2015,09,47
D0007,2015,10,62
D0007,2015,11,13
D0007,2015,12,100
D0007,2016,01,98
D0007,2016,02,57
D0007,2016,03,61
D0007,2016,04,79
D0007,2016,05,26
D0007,2016,06,95
D0007,2016,07,53
D0007,2016,08,61
D0007,2016,09,79
D0007,2016,10,93
D0007,2016,11,34
D0007,2016,12,66
D0007,2017,01,42
D0007,2017,02,78
D0007,2017,03,61
D0007,2017,04,33
D0007,2017,05,73
D0007,2017,06,82
D0007,2017,07,25
D0007,2017,08,86
D0007,2017,09,84
D0007,2017,10,67
D0007,2017,11,15
D0007,2017,12,82
D0007,2018,01,40
D0007,2018,02,18
D0007,2018,03,83
D0007,2018,04,28
D0007,2018,05,64
D0007,2018,06,41
D0007,2018,07,68
D0007,2018,08,95
D0007,2018,09,99
D0007,2018,10,19
D0007,2018,11,12
D0007,2018,12,76
D0008,2010,01,31
D0008,2010,02,76
D0008,2010,03,30
D0008,2010,04,69
D0008,2010,05,34
D0008,2010,06,67
D0008,2010,07,60
D0008,2010,08,49
D0008,2010,09,74
D0008,2010,10,98
D0008,2010,11,83
D0008,2010,12,98
D0008,2011,01,52
D0008,2011,02,65
D0008,2011,03,61
D0008,2011,04,89
D0008,2011,05,24
D0008,2011,06,85
D0008,2011,07,14
D0008,2011,08,85
D0008,2011,09,39
D0008,2011,10,46
D0008,2011,11,86
D0008,2011,12,88
D0008,2012,01,68
D0008,2012,02,26
D0008,2012,03,67
D0008,2012,04,65
D0008,2012,05,46
D0008,2012,06,36
D0008,2012,07,64
D0008,2012,08,96
D0008,2012,09,80
D0008,2012,10,51
D0008,2012,11,35
D0008,2012,12,36
D0008,2013,01,59
D0008,2013,02,28
D0008,2013,03,43
D0008,2013,04,90
D0008,2013,05,10
D0008,2013,06,33
D0008,2013,07,58
D0008,2013,08,10
D0008,2013,09,94
D0008,2013,10,27
D0008,2013,11,12
D0008,2013,12,13
D0008,2014,01,93
D0008,2014,02,56
D0008,2014,03,51
D0008,2014,04,53
D0008,2014,05,64
D0008,2014,06,46
D0008,2014,07,84
D0008,2014,08,20
D0008,2014,09,38
D0008,2014,10,94
D0008,2014,11,15
D0008,2014,12,97
D0008,2015,01,34
D0008,2015,02,46
D0008,2015,03,90
D0008,2015,04,75
D0008,2015,05,15
D0008,2015,06,72
D0008,2015,07,96
D0008,2015,08,38
D0008,2015,09,19
D0008,2015,10,29
D0008,2015,11,35
D0008,2015,12,24
D0008,2016,01,40
D0008,2016,02,13
D0008,2016,03,71
D0008,2016,04,38
D0008,2016,05,47
D0008,2016,06,59
D0008,2016,07,41
D0008,2016,08,63
D0008,2016,09,64
D0008,2016,10,54
D0008,2016,11,67
D0008,2016,12,49
D0008,2017,01,75
D0008,2017,02,32
D0008,2017,03,68
D0008,2017,04,65
D0008,2017,05,95
D0008,2017,06,60
D0008,2017,07,12
D0008,2017,08,15
D0008,2017,09,89
D0008,2017,10,99
D0008,2017,11,23
D0008,2017,12,61
D0008,2018,01,20
D0008,2018,02,45
D0008,2018,03,90
D0008,2018,04,78
D0008,2018,05,60
D0008,2018,06,84
D0008,2018,07,15
D0008,2018,08,15
D0008,2018,09,13
D0008,2018,10,64
D0008,2018,11,62
D0008,2018,12,73
D0009,2010,01,84
D0009,2010,02,40
D0009,2010,03,95
D0009,2010,04,44
D0009,2010,05,61
D0009,2010,06,45
D0009,2010,07,95
D0009,2010,08,37
D0009,2010,09,67
D0009,2010,10,81
D0009,2010,11,98
D0009,2010,12,36
D0009,2011,01,10
D0009,2011,02,24
D0009,2011,03,66
D0009,2011,04,52
D0009,2011,05,96
D0009,2011,06,20
D0009,2011,07,80
D0009,2011,08,53
D0009,2011,09,51
D0009,2011,10,96
D0009,2011,11,47
D0009,2011,12,56
D0009,2012,01,71
D0009,2012,02,88
D0009,2012,03,91
D0009,2012,04,100
D0009,2012,05,43
D0009,2012,06,81
D0009,2012,07,44
D0009,2012,08,98
D0009,2012,09,72
D0009,2012,10,23
D0009,2012,11,82
D0009,2012,12,98
D0009,2013,01,61
D0009,2013,02,11
D0009,2013,03,69
D0009,2013,04,17
D0009,2013,05,80
D0009,2013,06,76
D0009,2013,07,84
D0009,2013,08,23
D0009,2013,09,67
D0009,2013,10,87
D0009,2013,11,12
D0009,2013,12,14
D0009,2014,01,93
D0009,2014,02,52
D0009,2014,03,33
D0009,2014,04,82
D0009,2014,05,74
D0009,2014,06,11
D0009,2014,07,30
D0009,2014,08,60
D0009,2014,09,84
D0009,2014,10,82
D0009,2014,11,60
D0009,2014,12,68
D0009,2015,01,79
D0009,2015,02,84
D0009,2015,03,48
D0009,2015,04,25
D0009,2015,05,11
D0009,2015,06,74
D0009,2015,07,10
D0009,2015,08,81
D0009,2015,09,72
D0009,2015,10,51
D0009,2015,11,18
D0009,2015,12,98
D0009,2016,01,40
D0009,2016,02,44
D0009,2016,03,30
D0009,2016,04,43
D0009,2016,05,81
D0009,2016,06,47
D0009,2016,07,30
D0009,2016,08,75
D0009,2016,09,12
D0009,2016,10,37
D0009,2016,11,86
D0009,2016,12,34
D0009,2017,01,15
D0009,2017,02,16
D0009,2017,03,87
D0009,2017,04,99
D0009,2017,05,63
D0009,2017,06,70
D0009,2017,07,62
D0009,2017,08,39
D0009,2017,09,64
D0009,2017,10,61
D0009,2017,11,84
D0009,2017,12,85
D0009,2018,01,82
D0009,2018,02,43
D0009,2018,03,98
D0009,2018,04,71
D0009,2018,05,96
D0009,2018,06,57
D0009,2018,07,15
D0009,2018,08,99
D0009,2018,09,55
D0009,2018,10,49
D0009,2018,11,73
D0009,2018,12,84
D0010,2010,01,31
D0010,2010,02,25
D0010,2010,03,31
D0010,2010,04,67
D0010,2010,05,18
D0010,2010,06,88
D0010,2010,07,25
D0010,2010,08,87
D0010,2010,09,70
D0010,2010,10,27
D0010,2010,11,17
D0010,2010,12,45
D0010,2011,01,57
D0010,2011,02,39
D0010,2011,03,67
D0010,2011,04,24
D0010,2011,05,73
D0010,2011,06,81
D0010,2011,07,12
D0010,2011,08,65
D0010,2011,09,71
D0010,2011,10,20
D0010,2011,11,11
D0010,2011,12,34
D0010,2012,01,71
D0010,2012,02,16
D0010,2012,03,90
D0010,2012,04,80
D0010,2012,05,32
D0010,2012,06,29
D0010,2012,07,77
D0010,2012,08,98
D0010,2012,09,56
D0010,2012,10,83
D0010,2012,11,15
D0010,2012,12,80
D0010,2013,01,71
D0010,2013,02,17
D0010,2013,03,71
D0010,2013,04,62
D0010,2013,05,88
D0010,2013,06,98
D0010,2013,07,10
D0010,2013,08,91
D0010,2013,09,17
D0010,2013,10,78
D0010,2013,11,54
D0010,2013,12,91
D0010,2014,01,30
D0010,2014,02,97
D0010,2014,03,12
D0010,2014,04,29
D0010,2014,05,71
D0010,2014,06,18
D0010,2014,07,33
D0010,2014,08,60
D0010,2014,09,10
D0010,2014,10,99
D0010,2014,11,15
D0010,2014,12,73
D0010,2015,01,22
D0010,2015,02,11
D0010,2015,03,65
D0010,2015,04,59
D0010,2015,05,37
D0010,2015,06,63
D0010,2015,07,26
D0010,2015,08,39
D0010,2015,09,33
D0010,2015,10,69
D0010,2015,11,45
D0010,2015,12,19
D0010,2016,01,46
D0010,2016,02,52
D0010,2016,03,62
D0010,2016,04,31
D0010,2016,05,88
D0010,2016,06,33
D0010,2016,07,76
D0010,2016,08,87
D0010,2016,09,46
D0010,2016,10,61
D0010,2016,11,37
D0010,2016,12,26
D0010,2017,01,59
D0010,2017,02,23
D0010,2017,03,91
D0010,2017,04,89
D0010,2017,05,37
D0010,2017,06,73
D0010,2017,07,69
D0010,2017,08,95
D0010,2017,09,57
D0010,2017,10,92
D0010,2017,11,86
D0010,2017,12,42
D0010,2018,01,69
D0010,2018,02,98
D0010,2018,03,99
D0010,2018,04,30
D0010,2018,05,33
D0010,2018,06,80
D0010,2018,07,19
D0010,2018,08,10
D0010,2018,09,99
D0010,2018,10,37
D0010,2018,11,51
D0010,2018,12,30
D0011,2010,01,91
D0011,2010,02,32
D0011,2010,03,40
D0011,2010,04,64
D0011,2010,05,88
D0011,2010,06,16
D0011,2010,07,45
D0011,2010,08,41
D0011,2010,09,11
D0011,2010,10,98
D0011,2010,11,78
D0011,2010,12,60
D0011,2011,01,79
D0011,2011,02,61
D0011,2011,03,30
D0011,2011,04,100
D0011,2011,05,46
D0011,2011,06,76
D0011,2011,07,74
D0011,2011,08,70
D0011,2011,09,84
D0011,2011,10,40
D0011,2011,11,92
D0011,2011,12,46
D0011,2012,01,73
D0011,2012,02,23
D0011,2012,03,29
D0011,2012,04,29
D0011,2012,05,23
D0011,2012,06,84
D0011,2012,07,30
D0011,2012,08,28
D0011,2012,09,74
D0011,2012,10,24
D0011,2012,11,78
D0011,2012,12,78
D0011,2013,01,16
D0011,2013,02,31
D0011,2013,03,60
D0011,2013,04,28
D0011,2013,05,89
D0011,2013,06,55
D0011,2013,07,47
D0011,2013,08,56
D0011,2013,09,47
D0011,2013,10,90
D0011,2013,11,99
D0011,2013,12,24
D0011,2014,01,30
D0011,2014,02,17
D0011,2014,03,83
D0011,2014,04,49
D0011,2014,05,23
D0011,2014,06,69
D0011,2014,07,96
D0011,2014,08,87
D0011,2014,09,38
D0011,2014,10,69
D0011,2014,11,87
D0011,2014,12,67
D0011,2015,01,95
D0011,2015,02,74
D0011,2015,03,78
D0011,2015,04,81
D0011,2015,05,43
D0011,2015,06,57
D0011,2015,07,55
D0011,2015,08,78
D0011,2015,09,29
D0011,2015,10,51
D0011,2015,11,64
D0011,2015,12,70
D0011,2016,01,97
D0011,2016,02,37
D0011,2016,03,36
D0011,2016,04,24
D0011,2016,05,11
D0011,2016,06,53
D0011,2016,07,33
D0011,2016,08,47
D0011,2016,09,38
D0011,2016,10,77
D0011,2016,11,13
D0011,2016,12,22
D0011,2017,01,86
D0011,2017,02,80
D0011,2017,03,65
D0011,2017,04,26
D0011,2017,05,23
D0011,2017,06,55
D0011,2017,07,10
D0011,2017,08,46
D0011,2017,09,39
D0011,2017,10,87
D0011,2017,11,76
D0011,2017,12,14
D0011,2018,01,71
D0011,2018,02,47
D0011,2018,03,57
D0011,2018,04,34
D0011,2018,05,97
D0011,2018,06,97
D0011,2018,07,28
D0011,2018,08,11
D0011,2018,09,88
D0011,2018,10,36
D0011,2018,11,31
D0011,2018,12,96
D0012,2010,01,71
D0012,2010,02,47
D0012,2010,03,83
D0012,2010,04,26
D0012,2010,05,34
D0012,2010,06,66
D0012,2010,07,69
D0012,2010,08,34
D0012,2010,09,13
D0012,2010,10,91
D0012,2010,11,83
D0012,2010,12,82
D0012,2011,01,84
D0012,2011,02,12
D0012,2011,03,17
D0012,2011,04,38
D0012,2011,05,37
D0012,2011,06,67
D0012,2011,07,89
D0012,2011,08,98
D0012,2011,09,90
D0012,2011,10,74
D0012,2011,11,21
D0012,2011,12,43
D0012,2012,01,88
D0012,2012,02,17
D0012,2012,03,43
D0012,2012,04,62
D0012,2012,05,22
D0012,2012,06,18
D0012,2012,07,58
D0012,2012,08,39
D0012,2012,09,80
D0012,2012,10,84
D0012,2012,11,15
D0012,2012,12,84
D0012,2013,01,25
D0012,2013,02,34
D0012,2013,03,27
D0012,2013,04,72
D0012,2013,05,58
D0012,2013,06,82
D0012,2013,07,50
D0012,2013,08,18
D0012,2013,09,37
D0012,2013,10,30
D0012,2013,11,12
D0012,2013,12,44
D0012,2014,01,48
D0012,2014,02,79
D0012,2014,03,87
D0012,2014,04,16
D0012,2014,05,63
D0012,2014,06,36
D0012,2014,07,72
D0012,2014,08,77
D0012,2014,09,74
D0012,2014,10,93
D0012,2014,11,32
D0012,2014,12,32
D0012,2015,01,65
D0012,2015,02,23
D0012,2015,03,48
D0012,2015,04,44
D0012,2015,05,75
D0012,2015,06,68
D0012,2015,07,10
D0012,2015,08,72
D0012,2015,09,70
D0012,2015,10,45
D0012,2015,11,82
D0012,2015,12,88
D0012,2016,01,42
D0012,2016,02,88
D0012,2016,03,99
D0012,2016,04,71
D0012,2016,05,97
D0012,2016,06,66
D0012,2016,07,35
D0012,2016,08,90
D0012,2016,09,32
D0012,2016,10,13
D0012,2016,11,75
D0012,2016,12,25
D0012,2017,01,37
D0012,2017,02,12
D0012,2017,03,100
D0012,2017,04,13
D0012,2017,05,54
D0012,2017,06,79
D0012,2017,07,86
D0012,2017,08,84
D0012,2017,09,70
D0012,2017,10,67
D0012,2017,11,100
D0012,2017,12,80
D0012,2018,01,37
D0012,2018,02,47
D0012,2018,03,89
D0012,2018,04,15
D0012,2018,05,25
D0012,2018,06,84
D0012,2018,07,86
D0012,2018,08,62
D0012,2018,09,55
D0012,2018,10,43
D0012,2018,11,53
D0012,2018,12,99
D0013,2010,01,32
D0013,2010,02,10
D0013,2010,03,24
D0013,2010,04,32
D0013,2010,05,65
D0013,2010,06,52
D0013,2010,07,99
D0013,2010,08,24
D0013,2010,09,47
D0013,2010,10,95
D0013,2010,11,82
D0013,2010,12,56
D0013,2011,01,52
D0013,2011,02,82
D0013,2011,03,57
D0013,2011,04,41
D0013,2011,05,56
D0013,2011,06,78
D0013,2011,07,33
D0013,2011,08,57
D0013,2011,09,93
D0013,2011,10,65
D0013,2011,11,33
D0013,2011,12,25
D0013,2012,01,10
D0013,2012,02,19
D0013,2012,03,96
D0013,2012,04,77
D0013,2012,05,47
D0013,2012,06,70
D0013,2012,07,52
D0013,2012,08,15
D0013,2012,09,54
D0013,2012,10,48
D0013,2012,11,98
D0013,2012,12,37
D0013,2013,01,27
D0013,2013,02,28
D0013,2013,03,30
D0013,2013,04,94
D0013,2013,05,86
D0013,2013,06,62
D0013,2013,07,85
D0013,2013,08,26
D0013,2013,09,88
D0013,2013,10,33
D0013,2013,11,15
D0013,2013,12,72
D0013,2014,01,72
D0013,2014,02,42
D0013,2014,03,12
D0013,2014,04,54
D0013,2014,05,51
D0013,2014,06,47
D0013,2014,07,58
D0013,2014,08,57
D0013,2014,09,19
D0013,2014,10,77
D0013,2014,11,57
D0013,2014,12,58
D0013,2015,01,98
D0013,2015,02,39
D0013,2015,03,99
D0013,2015,04,98
D0013,2015,05,48
D0013,2015,06,66
D0013,2015,07,95
D0013,2015,08,26
D0013,2015,09,21
D0013,2015,10,41
D0013,2015,11,36
D0013,2015,12,19
D0013,2016,01,86
D0013,2016,02,86
D0013,2016,03,57
D0013,2016,04,37
D0013,2016,05,82
D0013,2016,06,40
D0013,2016,07,29
D0013,2016,08,71
D0013,2016,09,57
D0013,2016,10,14
D0013,2016,11,58
D0013,2016,12,39
D0013,2017,01,55
D0013,2017,02,62
D0013,2017,03,20
D0013,2017,04,94
D0013,2017,05,24
D0013,2017,06,12
D0013,2017,07,17
D0013,2017,08,63
D0013,2017,09,86
D0013,2017,10,62
D0013,2017,11,29
D0013,2017,12,58
D0013,2018,01,78
D0013,2018,02,33
D0013,2018,03,84
D0013,2018,04,90
D0013,2018,05,85
D0013,2018,06,68
D0013,2018,07,97
D0013,2018,08,17
D0013,2018,09,88
D0013,2018,10,71
D0013,2018,11,85
D0013,2018,12,79
D0014,2010,01,49
D0014,2010,02,11
D0014,2010,03,15
D0014,2010,04,46
D0014,2010,05,30
D0014,2010,06,79
D0014,2010,07,34
D0014,2010,08,99
D0014,2010,09,15
D0014,2010,10,95
D0014,2010,11,83
D0014,2010,12,31
D0014,2011,01,93
D0014,2011,02,96
D0014,2011,03,41
D0014,2011,04,17
D0014,2011,05,44
D0014,2011,06,67
D0014,2011,07,40
D0014,2011,08,74
D0014,2011,09,94
D0014,2011,10,51
D0014,2011,11,18
D0014,2011,12,46
D0014,2012,01,18
D0014,2012,02,56
D0014,2012,03,50
D0014,2012,04,96
D0014,2012,05,78
D0014,2012,06,29
D0014,2012,07,18
D0014,2012,08,96
D0014,2012,09,61
D0014,2012,10,42
D0014,2012,11,41
D0014,2012,12,81
D0014,2013,01,19
D0014,2013,02,29
D0014,2013,03,50
D0014,2013,04,65
D0014,2013,05,16
D0014,2013,06,25
D0014,2013,07,51
D0014,2013,08,71
D0014,2013,09,40
D0014,2013,10,37
D0014,2013,11,70
D0014,2013,12,98
D0014,2014,01,68
D0014,2014,02,43
D0014,2014,03,70
D0014,2014,04,45
D0014,2014,05,12
D0014,2014,06,15
D0014,2014,07,31
D0014,2014,08,45
D0014,2014,09,35
D0014,2014,10,14
D0014,2014,11,73
D0014,2014,12,91
D0014,2015,01,37
D0014,2015,02,93
D0014,2015,03,63
D0014,2015,04,32
D0014,2015,05,92
D0014,2015,06,36
D0014,2015,07,81
D0014,2015,08,70
D0014,2015,09,97
D0014,2015,10,59
D0014,2015,11,61
D0014,2015,12,42
D0014,2016,01,40
D0014,2016,02,59
D0014,2016,03,53
D0014,2016,04,59
D0014,2016,05,95
D0014,2016,06,94
D0014,2016,07,89
D0014,2016,08,53
D0014,2016,09,59
D0014,2016,10,30
D0014,2016,11,89
D0014,2016,12,71
D0014,2017,01,36
D0014,2017,02,17
D0014,2017,03,25
D0014,2017,04,21
D0014,2017,05,88
D0014,2017,06,81
D0014,2017,07,42
D0014,2017,08,100
D0014,2017,09,58
D0014,2017,10,76
D0014,2017,11,82
D0014,2017,12,62
D0014,2018,01,50
D0014,2018,02,75
D0014,2018,03,26
D0014,2018,04,48
D0014,2018,05,78
D0014,2018,06,22
D0014,2018,07,36
D0014,2018,08,18
D0014,2018,09,13
D0014,2018,10,29
D0014,2018,11,18
D0014,2018,12,84
D0015,2010,01,57
D0015,2010,02,18
D0015,2010,03,40
D0015,2010,04,22
D0015,2010,05,24
D0015,2010,06,24
D0015,2010,07,78
D0015,2010,08,89
D0015,2010,09,47
D0015,2010,10,67
D0015,2010,11,100
D0015,2010,12,79
D0015,2011,01,94
D0015,2011,02,33
D0015,2011,03,31
D0015,2011,04,83
D0015,2011,05,32
D0015,2011,06,12
D0015,2011,07,77
D0015,2011,08,61
D0015,2011,09,67
D0015,2011,10,38
D0015,2011,11,13
D0015,2011,12,92
D0015,2012,01,32
D0015,2012,02,34
D0015,2012,03,27
D0015,2012,04,62
D0015,2012,05,22
D0015,2012,06,79
D0015,2012,07,13
D0015,2012,08,12
D0015,2012,09,76
D0015,2012,10,41
D0015,2012,11,54
D0015,2012,12,60
D0015,2013,01,22
D0015,2013,02,39
D0015,2013,03,47
D0015,2013,04,26
D0015,2013,05,57
D0015,2013,06,14
D0015,2013,07,98
D0015,2013,08,45
D0015,2013,09,74
D0015,2013,10,39
D0015,2013,11,68
D0015,2013,12,13
D0015,2014,01,46
D0015,2014,02,94
D0015,2014,03,25
D0015,2014,04,79
D0015,2014,05,84
D0015,2014,06,26
D0015,2014,07,27
D0015,2014,08,97
D0015,2014,09,38
D0015,2014,10,81
D0015,2014,11,80
D0015,2014,12,76
D0015,2015,01,77
D0015,2015,02,15
D0015,2015,03,45
D0015,2015,04,65
D0015,2015,05,77
D0015,2015,06,72
D0015,2015,07,89
D0015,2015,08,23
D0015,2015,09,94
D0015,2015,10,78
D0015,2015,11,55
D0015,2015,12,75
D0015,2016,01,77
D0015,2016,02,81
D0015,2016,03,23
D0015,2016,04,53
D0015,2016,05,97
D0015,2016,06,97
D0015,2016,07,78
D0015,2016,08,34
D0015,2016,09,29
D0015,2016,10,16
D0015,2016,11,88
D0015,2016,12,43
D0015,2017,01,87
D0015,2017,02,36
D0015,2017,03,67
D0015,2017,04,76
D0015,2017,05,64
D0015,2017,06,49
D0015,2017,07,80
D0015,2017,08,71
D0015,2017,09,83
D0015,2017,10,79
D0015,2017,11,37
D0015,2017,12,25
D0015,2018,01,30
D0015,2018,02,33
D0015,2018,03,71
D0015,2018,04,90
D0015,2018,05,47
D0015,2018,06,11
D0015,2018,07,28
D0015,2018,08,13
D0015,2018,09,14
D0015,2018,10,54
D0015,2018,11,74
D0015,2018,12,65
D0016,2010,01,33
D0016,2010,02,71
D0016,2010,03,71
D0016,2010,04,38
D0016,2010,05,86
D0016,2010,06,44
D0016,2010,07,31
D0016,2010,08,58
D0016,2010,09,90
D0016,2010,10,46
D0016,2010,11,34
D0016,2010,12,73
D0016,2011,01,12
D0016,2011,02,23
D0016,2011,03,46
D0016,2011,04,17
D0016,2011,05,92
D0016,2011,06,94
D0016,2011,07,99
D0016,2011,08,80
D0016,2011,09,14
D0016,2011,10,43
D0016,2011,11,42
D0016,2011,12,55
D0016,2012,01,57
D0016,2012,02,82
D0016,2012,03,82
D0016,2012,04,60
D0016,2012,05,97
D0016,2012,06,40
D0016,2012,07,92
D0016,2012,08,37
D0016,2012,09,32
D0016,2012,10,58
D0016,2012,11,99
D0016,2012,12,50
D0016,2013,01,87
D0016,2013,02,54
D0016,2013,03,21
D0016,2013,04,10
D0016,2013,05,89
D0016,2013,06,26
D0016,2013,07,65
D0016,2013,08,70
D0016,2013,09,67
D0016,2013,10,92
D0016,2013,11,16
D0016,2013,12,26
D0016,2014,01,80
D0016,2014,02,28
D0016,2014,03,76
D0016,2014,04,11
D0016,2014,05,91
D0016,2014,06,90
D0016,2014,07,32
D0016,2014,08,11
D0016,2014,09,45
D0016,2014,10,52
D0016,2014,11,43
D0016,2014,12,73
D0016,2015,01,88
D0016,2015,02,90
D0016,2015,03,18
D0016,2015,04,97
D0016,2015,05,26
D0016,2015,06,85
D0016,2015,07,72
D0016,2015,08,67
D0016,2015,09,68
D0016,2015,10,42
D0016,2015,11,58
D0016,2015,12,65
D0016,2016,01,92
D0016,2016,02,19
D0016,2016,03,83
D0016,2016,04,62
D0016,2016,05,33
D0016,2016,06,81
D0016,2016,07,21
D0016,2016,08,34
D0016,2016,09,86
D0016,2016,10,60
D0016,2016,11,94
D0016,2016,12,35
D0016,2017,01,80
D0016,2017,02,77
D0016,2017,03,58
D0016,2017,04,26
D0016,2017,05,23
D0016,2017,06,89
D0016,2017,07,80
D0016,2017,08,66
D0016,2017,09,74
D0016,2017,10,41
D0016,2017,11,99
D0016,2017,12,81
D0016,2018,01,85
D0016,2018,02,71
D0016,2018,03,30
D0016,2018,04,90
D0016,2018,05,27
D0016,2018,06,80
D0016,2018,07,54
D0016,2018,08,50
D0016,2018,09,56
D0016,2018,10,41
D0016,2018,11,90
D0016,2018,12,15
D0017,2010,01,46
D0017,2010,02,75
D0017,2010,03,72
D0017,2010,04,14
D0017,2010,05,97
D0017,2010,06,60
D0017,2010,07,21
D0017,2010,08,33
D0017,2010,09,47
D0017,2010,10,29
D0017,2010,11,20
D0017,2010,12,17
D0017,2011,01,33
D0017,2011,02,32
D0017,2011,03,50
D0017,2011,04,45
D0017,2011,05,28
D0017,2011,06,67
D0017,2011,07,94
D0017,2011,08,55
D0017,2011,09,57
D0017,2011,10,25
D0017,2011,11,98
D0017,2011,12,58
D0017,2012,01,56
D0017,2012,02,82
D0017,2012,03,20
D0017,2012,04,100
D0017,2012,05,44
D0017,2012,06,48
D0017,2012,07,14
D0017,2012,08,64
D0017,2012,09,49
D0017,2012,10,67
D0017,2012,11,62
D0017,2012,12,42
D0017,2013,01,99
D0017,2013,02,88
D0017,2013,03,31
D0017,2013,04,69
D0017,2013,05,41
D0017,2013,06,62
D0017,2013,07,57
D0017,2013,08,17
D0017,2013,09,73
D0017,2013,10,36
D0017,2013,11,31
D0017,2013,12,31
D0017,2014,01,45
D0017,2014,02,67
D0017,2014,03,85
D0017,2014,04,22
D0017,2014,05,68
D0017,2014,06,75
D0017,2014,07,77
D0017,2014,08,10
D0017,2014,09,75
D0017,2014,10,66
D0017,2014,11,36
D0017,2014,12,32
D0017,2015,01,43
D0017,2015,02,29
D0017,2015,03,46
D0017,2015,04,59
D0017,2015,05,77
D0017,2015,06,41
D0017,2015,07,42
D0017,2015,08,80
D0017,2015,09,49
D0017,2015,10,22
D0017,2015,11,24
D0017,2015,12,50
D0017,2016,01,25
D0017,2016,02,34
D0017,2016,03,25
D0017,2016,04,95
D0017,2016,05,96
D0017,2016,06,20
D0017,2016,07,49
D0017,2016,08,18
D0017,2016,09,44
D0017,2016,10,12
D0017,2016,11,59
D0017,2016,12,38
D0017,2017,01,42
D0017,2017,02,74
D0017,2017,03,95
D0017,2017,04,30
D0017,2017,05,30
D0017,2017,06,53
D0017,2017,07,92
D0017,2017,08,36
D0017,2017,09,34
D0017,2017,10,58
D0017,2017,11,12
D0017,2017,12,38
D0017,2018,01,54
D0017,2018,02,34
D0017,2018,03,49
D0017,2018,04,98
D0017,2018,05,10
D0017,2018,06,26
D0017,2018,07,17
D0017,2018,08,31
D0017,2018,09,85
D0017,2018,10,61
D0017,2018,11,85
D0017,2018,12,75
D0018,2010,01,13
D0018,2010,02,91
D0018,2010,03,53
D0018,2010,04,62
D0018,2010,05,81
D0018,2010,06,35
D0018,2010,07,63
D0018,2010,08,68
D0018,2010,09,33
D0018,2010,10,67
D0018,2010,11,25
D0018,2010,12,14
D0018,2011,01,17
D0018,2011,02,84
D0018,2011,03,72
D0018,2011,04,64
D0018,2011,05,87
D0018,2011,06,66
D0018,2011,07,41
D0018,2011,08,16
D0018,2011,09,74
D0018,2011,10,71
D0018,2011,11,90
D0018,2011,12,91
D0018,2012,01,62
D0018,2012,02,24
D0018,2012,03,45
D0018,2012,04,42
D0018,2012,05,63
D0018,2012,06,83
D0018,2012,07,41
D0018,2012,08,22
D0018,2012,09,18
D0018,2012,10,13
D0018,2012,11,33
D0018,2012,12,12
D0018,2013,01,69
D0018,2013,02,74
D0018,2013,03,64
D0018,2013,04,83
D0018,2013,05,100
D0018,2013,06,99
D0018,2013,07,96
D0018,2013,08,99
D0018,2013,09,63
D0018,2013,10,92
D0018,2013,11,99
D0018,2013,12,34
D0018,2014,01,100
D0018,2014,02,20
D0018,2014,03,36
D0018,2014,04,93
D0018,2014,05,88
D0018,2014,06,80
D0018,2014,07,39
D0018,2014,08,84
D0018,2014,09,36
D0018,2014,10,91
D0018,2014,11,19
D0018,2014,12,16
D0018,2015,01,72
D0018,2015,02,12
D0018,2015,03,12
D0018,2015,04,55
D0018,2015,05,40
D0018,2015,06,45
D0018,2015,07,47
D0018,2015,08,79
D0018,2015,09,58
D0018,2015,10,85
D0018,2015,11,97
D0018,2015,12,82
D0018,2016,01,46
D0018,2016,02,11
D0018,2016,03,80
D0018,2016,04,60
D0018,2016,05,97
D0018,2016,06,53
D0018,2016,07,46
D0018,2016,08,97
D0018,2016,09,81
D0018,2016,10,67
D0018,2016,11,95
D0018,2016,12,79
D0018,2017,01,32
D0018,2017,02,92
D0018,2017,03,92
D0018,2017,04,18
D0018,2017,05,73
D0018,2017,06,93
D0018,2017,07,97
D0018,2017,08,13
D0018,2017,09,62
D0018,2017,10,68
D0018,2017,11,64
D0018,2017,12,13
D0018,2018,01,73
D0018,2018,02,67
D0018,2018,03,24
D0018,2018,04,91
D0018,2018,05,84
D0018,2018,06,71
D0018,2018,07,23
D0018,2018,08,87
D0018,2018,09,86
D0018,2018,10,87
D0018,2018,11,16
D0018,2018,12,55
D0019,2010,01,39
D0019,2010,02,75
D0019,2010,03,40
D0019,2010,04,50
D0019,2010,05,40
D0019,2010,06,12
D0019,2010,07,98
D0019,2010,08,14
D0019,2010,09,70
D0019,2010,10,66
D0019,2010,11,41
D0019,2010,12,44
D0019,2011,01,89
D0019,2011,02,52
D0019,2011,03,44
D0019,2011,04,20
D0019,2011,05,26
D0019,2011,06,90
D0019,2011,07,67
D0019,2011,08,95
D0019,2011,09,59
D0019,2011,10,31
D0019,2011,11,28
D0019,2011,12,42
D0019,2012,01,83
D0019,2012,02,31
D0019,2012,03,32
D0019,2012,04,69
D0019,2012,05,24
D0019,2012,06,85
D0019,2012,07,56
D0019,2012,08,26
D0019,2012,09,36
D0019,2012,10,52
D0019,2012,11,86
D0019,2012,12,39
D0019,2013,01,30
D0019,2013,02,64
D0019,2013,03,100
D0019,2013,04,45
D0019,2013,05,100
D0019,2013,06,72
D0019,2013,07,42
D0019,2013,08,69
D0019,2013,09,63
D0019,2013,10,71
D0019,2013,11,85
D0019,2013,12,67
D0019,2014,01,28
D0019,2014,02,28
D0019,2014,03,69
D0019,2014,04,57
D0019,2014,05,42
D0019,2014,06,18
D0019,2014,07,27
D0019,2014,08,44
D0019,2014,09,44
D0019,2014,10,88
D0019,2014,11,79
D0019,2014,12,33
D0019,2015,01,78
D0019,2015,02,21
D0019,2015,03,61
D0019,2015,04,52
D0019,2015,05,52
D0019,2015,06,35
D0019,2015,07,64
D0019,2015,08,92
D0019,2015,09,88
D0019,2015,10,51
D0019,2015,11,67
D0019,2015,12,69
D0019,2016,01,35
D0019,2016,02,13
D0019,2016,03,23
D0019,2016,04,63
D0019,2016,05,19
D0019,2016,06,27
D0019,2016,07,81
D0019,2016,08,66
D0019,2016,09,92
D0019,2016,10,70
D0019,2016,11,26
D0019,2016,12,76
D0019,2017,01,88
D0019,2017,02,43
D0019,2017,03,50
D0019,2017,04,19
D0019,2017,05,88
D0019,2017,06,47
D0019,2017,07,39
D0019,2017,08,19
D0019,2017,09,35
D0019,2017,10,50
D0019,2017,11,75
D0019,2017,12,100
D0019,2018,01,98
D0019,2018,02,81
D0019,2018,03,66
D0019,2018,04,26
D0019,2018,05,46
D0019,2018,06,57
D0019,2018,07,57
D0019,2018,08,73
D0019,2018,09,42
D0019,2018,10,56
D0019,2018,11,93
D0019,2018,12,71
D0020,2010,01,44
D0020,2010,02,88
D0020,2010,03,29
D0020,2010,04,16
D0020,2010,05,96
D0020,2010,06,90
D0020,2010,07,30
D0020,2010,08,97
D0020,2010,09,17
D0020,2010,10,55
D0020,2010,11,75
D0020,2010,12,54
D0020,2011,01,63
D0020,2011,02,64
D0020,2011,03,11
D0020,2011,04,89
D0020,2011,05,92
D0020,2011,06,12
D0020,2011,07,75
D0020,2011,08,46
D0020,2011,09,83
D0020,2011,10,13
D0020,2011,11,32
D0020,2011,12,66
D0020,2012,01,47
D0020,2012,02,54
D0020,2012,03,12
D0020,2012,04,11
D0020,2012,05,20
D0020,2012,06,24
D0020,2012,07,32
D0020,2012,08,55
D0020,2012,09,62
D0020,2012,10,74
D0020,2012,11,47
D0020,2012,12,11
D0020,2013,01,49
D0020,2013,02,16
D0020,2013,03,42
D0020,2013,04,83
D0020,2013,05,13
D0020,2013,06,89
D0020,2013,07,16
D0020,2013,08,58
D0020,2013,09,61
D0020,2013,10,84
D0020,2013,11,94
D0020,2013,12,72
D0020,2014,01,56
D0020,2014,02,24
D0020,2014,03,29
D0020,2014,04,86
D0020,2014,05,33
D0020,2014,06,30
D0020,2014,07,20
D0020,2014,08,14
D0020,2014,09,59
D0020,2014,10,43
D0020,2014,11,52
D0020,2014,12,77
D0020,2015,01,21
D0020,2015,02,17
D0020,2015,03,99
D0020,2015,04,72
D0020,2015,05,32
D0020,2015,06,65
D0020,2015,07,33
D0020,2015,08,14
D0020,2015,09,46
D0020,2015,10,67
D0020,2015,11,26
D0020,2015,12,98
D0020,2016,01,89
D0020,2016,02,20
D0020,2016,03,65
D0020,2016,04,40
D0020,2016,05,34
D0020,2016,06,16
D0020,2016,07,48
D0020,2016,08,16
D0020,2016,09,95
D0020,2016,10,99
D0020,2016,11,68
D0020,2016,12,98
D0020,2017,01,33
D0020,2017,02,74
D0020,2017,03,72
D0020,2017,04,87
D0020,2017,05,71
D0020,2017,06,37
D0020,2017,07,88
D0020,2017,08,38
D0020,2017,09,61
D0020,2017,10,47
D0020,2017,11,58
D0020,2017,12,64
D0020,2018,01,83
D0020,2018,02,53
D0020,2018,03,17
D0020,2018,04,37
D0020,2018,05,61
D0020,2018,06,51
D0020,2018,07,69
D0020,2018,08,13
D0020,2018,09,21
D0020,2018,10,90
D0020,2018,11,65
D0020,2018,12,76
D0021,2010,01,44
D0021,2010,02,10
D0021,2010,03,49
D0021,2010,04,39
D0021,2010,05,59
D0021,2010,06,52
D0021,2010,07,33
D0021,2010,08,86
D0021,2010,09,75
D0021,2010,10,60
D0021,2010,11,83
D0021,2010,12,36
D0021,2011,01,17
D0021,2011,02,37
D0021,2011,03,17
D0021,2011,04,90
D0021,2011,05,49
D0021,2011,06,63
D0021,2011,07,41
D0021,2011,08,14
D0021,2011,09,98
D0021,2011,10,95
D0021,2011,11,61
D0021,2011,12,14
D0021,2012,01,68
D0021,2012,02,70
D0021,2012,03,38
D0021,2012,04,47
D0021,2012,05,92
D0021,2012,06,11
D0021,2012,07,28
D0021,2012,08,61
D0021,2012,09,73
D0021,2012,10,53
D0021,2012,11,39
D0021,2012,12,81
D0021,2013,01,63
D0021,2013,02,44
D0021,2013,03,53
D0021,2013,04,21
D0021,2013,05,84
D0021,2013,06,100
D0021,2013,07,93
D0021,2013,08,37
D0021,2013,09,24
D0021,2013,10,19
D0021,2013,11,40
D0021,2013,12,60
D0021,2014,01,91
D0021,2014,02,44
D0021,2014,03,31
D0021,2014,04,80
D0021,2014,05,63
D0021,2014,06,57
D0021,2014,07,19
D0021,2014,08,32
D0021,2014,09,69
D0021,2014,10,95
D0021,2014,11,59
D0021,2014,12,98
D0021,2015,01,46
D0021,2015,02,84
D0021,2015,03,44
D0021,2015,04,42
D0021,2015,05,26
D0021,2015,06,63
D0021,2015,07,62
D0021,2015,08,24
D0021,2015,09,14
D0021,2015,10,98
D0021,2015,11,63
D0021,2015,12,35
D0021,2016,01,55
D0021,2016,02,15
D0021,2016,03,35
D0021,2016,04,41
D0021,2016,05,55
D0021,2016,06,88
D0021,2016,07,31
D0021,2016,08,31
D0021,2016,09,81
D0021,2016,10,22
D0021,2016,11,45
D0021,2016,12,24
D0021,2017,01,86
D0021,2017,02,18
D0021,2017,03,19
D0021,2017,04,69
D0021,2017,05,15
D0021,2017,06,10
D0021,2017,07,37
D0021,2017,08,74
D0021,2017,09,33
D0021,2017,10,93
D0021,2017,11,20
D0021,2017,12,12
D0021,2018,01,25
D0021,2018,02,86
D0021,2018,03,41
D0021,2018,04,93
D0021,2018,05,81
D0021,2018,06,43
D0021,2018,07,75
D0021,2018,08,99
D0021,2018,09,81
D0021,2018,10,14
D0021,2018,11,84
D0021,2018,12,91
D0022,2010,01,25
D0022,2010,02,21
D0022,2010,03,74
D0022,2010,04,67
D0022,2010,05,81
D0022,2010,06,21
D0022,2010,07,39
D0022,2010,08,37
D0022,2010,09,70
D0022,2010,10,92
D0022,2010,11,42
D0022,2010,12,89
D0022,2011,01,44
D0022,2011,02,92
D0022,2011,03,96
D0022,2011,04,98
D0022,2011,05,96
D0022,2011,06,71
D0022,2011,07,18
D0022,2011,08,56
D0022,2011,09,77
D0022,2011,10,66
D0022,2011,11,45
D0022,2011,12,38
D0022,2012,01,27
D0022,2012,02,99
D0022,2012,03,50
D0022,2012,04,72
D0022,2012,05,65
D0022,2012,06,19
D0022,2012,07,70
D0022,2012,08,11
D0022,2012,09,24
D0022,2012,10,19
D0022,2012,11,52
D0022,2012,12,44
D0022,2013,01,46
D0022,2013,02,36
D0022,2013,03,57
D0022,2013,04,79
D0022,2013,05,46
D0022,2013,06,24
D0022,2013,07,90
D0022,2013,08,26
D0022,2013,09,34
D0022,2013,10,11
D0022,2013,11,55
D0022,2013,12,19
D0022,2014,01,97
D0022,2014,02,76
D0022,2014,03,65
D0022,2014,04,79
D0022,2014,05,38
D0022,2014,06,68
D0022,2014,07,85
D0022,2014,08,91
D0022,2014,09,62
D0022,2014,10,84
D0022,2014,11,39
D0022,2014,12,41
D0022,2015,01,25
D0022,2015,02,84
D0022,2015,03,16
D0022,2015,04,60
D0022,2015,05,33
D0022,2015,06,37
D0022,2015,07,93
D0022,2015,08,65
D0022,2015,09,35
D0022,2015,10,61
D0022,2015,11,63
D0022,2015,12,84
D0022,2016,01,64
D0022,2016,02,66
D0022,2016,03,72
D0022,2016,04,40
D0022,2016,05,27
D0022,2016,06,100
D0022,2016,07,80
D0022,2016,08,17
D0022,2016,09,25
D0022,2016,10,61
D0022,2016,11,95
D0022,2016,12,44
D0022,2017,01,77
D0022,2017,02,36
D0022,2017,03,22
D0022,2017,04,91
D0022,2017,05,94
D0022,2017,06,98
D0022,2017,07,75
D0022,2017,08,23
D0022,2017,09,42
D0022,2017,10,67
D0022,2017,11,39
D0022,2017,12,19
D0022,2018,01,20
D0022,2018,02,58
D0022,2018,03,15
D0022,2018,04,25
D0022,2018,05,74
D0022,2018,06,83
D0022,2018,07,12
D0022,2018,08,22
D0022,2018,09,24
D0022,2018,10,61
D0022,2018,11,84
D0022,2018,12,25
D0023,2010,01,19
D0023,2010,02,87
D0023,2010,03,15
D0023,2010,04,61
D0023,2010,05,96
D0023,2010,06,48
D0023,2010,07,85
D0023,2010,08,21
D0023,2010,09,99
D0023,2010,10,55
D0023,2010,11,75
D0023,2010,12,16
D0023,2011,01,24
D0023,2011,02,40
D0023,2011,03,16
D0023,2011,04,43
D0023,2011,05,44
D0023,2011,06,46
D0023,2011,07,45
D0023,2011,08,61
D0023,2011,09,39
D0023,2011,10,48
D0023,2011,11,89
D0023,2011,12,65
D0023,2012,01,35
D0023,2012,02,50
D0023,2012,03,64
D0023,2012,04,22
D0023,2012,05,75
D0023,2012,06,86
D0023,2012,07,69
D0023,2012,08,77
D0023,2012,09,97
D0023,2012,10,53
D0023,2012,11,91
D0023,2012,12,83
D0023,2013,01,65
D0023,2013,02,82
D0023,2013,03,24
D0023,2013,04,80
D0023,2013,05,80
D0023,2013,06,22
D0023,2013,07,33
D0023,2013,08,53
D0023,2013,09,41
D0023,2013,10,59
D0023,2013,11,17
D0023,2013,12,48
D0023,2014,01,57
D0023,2014,02,49
D0023,2014,03,21
D0023,2014,04,21
D0023,2014,05,61
D0023,2014,06,61
D0023,2014,07,98
D0023,2014,08,83
D0023,2014,09,13
D0023,2014,10,85
D0023,2014,11,84
D0023,2014,12,17
D0023,2015,01,46
D0023,2015,02,26
D0023,2015,03,22
D0023,2015,04,23
D0023,2015,05,47
D0023,2015,06,34
D0023,2015,07,28
D0023,2015,08,31
D0023,2015,09,70
D0023,2015,10,84
D0023,2015,11,38
D0023,2015,12,100
D0023,2016,01,14
D0023,2016,02,66
D0023,2016,03,39
D0023,2016,04,52
D0023,2016,05,11
D0023,2016,06,87
D0023,2016,07,58
D0023,2016,08,71
D0023,2016,09,76
D0023,2016,10,13
D0023,2016,11,31
D0023,2016,12,40
D0023,2017,01,47
D0023,2017,02,19
D0023,2017,03,39
D0023,2017,04,71
D0023,2017,05,31
D0023,2017,06,27
D0023,2017,07,79
D0023,2017,08,28
D0023,2017,09,30
D0023,2017,10,62
D0023,2017,11,65
D0023,2017,12,49
D0023,2018,01,66
D0023,2018,02,51
D0023,2018,03,74
D0023,2018,04,29
D0023,2018,05,22
D0023,2018,06,16
D0023,2018,07,88
D0023,2018,08,11
D0023,2018,09,83
D0023,2018,10,90
D0023,2018,11,86
D0023,2018,12,55
D0024,2010,01,51
D0024,2010,02,27
D0024,2010,03,76
D0024,2010,04,98
D0024,2010,05,77
D0024,2010,06,29
D0024,2010,07,39
D0024,2010,08,62
D0024,2010,09,87
D0024,2010,10,81
D0024,2010,11,47
D0024,2010,12,84
D0024,2011,01,93
D0024,2011,02,83
D0024,2011,03,13
D0024,2011,04,85
D0024,2011,05,14
D0024,2011,06,75
D0024,2011,07,100
D0024,2011,08,67
D0024,2011,09,15
D0024,2011,10,79
D0024,2011,11,89
D0024,2011,12,24
D0024,2012,01,48
D0024,2012,02,40
D0024,2012,03,84
D0024,2012,04,76
D0024,2012,05,39
D0024,2012,06,20
D0024,2012,07,24
D0024,2012,08,47
D0024,2012,09,52
D0024,2012,10,40
D0024,2012,11,38
D0024,2012,12,29
D0024,2013,01,22
D0024,2013,02,21
D0024,2013,03,89
D0024,2013,04,52
D0024,2013,05,97
D0024,2013,06,19
D0024,2013,07,18
D0024,2013,08,89
D0024,2013,09,14
D0024,2013,10,39
D0024,2013,11,76
D0024,2013,12,77
D0024,2014,01,73
D0024,2014,02,82
D0024,2014,03,98
D0024,2014,04,43
D0024,2014,05,84
D0024,2014,06,79
D0024,2014,07,21
D0024,2014,08,90
D0024,2014,09,60
D0024,2014,10,91
D0024,2014,11,43
D0024,2014,12,56
D0024,2015,01,44
D0024,2015,02,40
D0024,2015,03,10
D0024,2015,04,19
D0024,2015,05,60
D0024,2015,06,70
D0024,2015,07,70
D0024,2015,08,49
D0024,2015,09,82
D0024,2015,10,89
D0024,2015,11,47
D0024,2015,12,80
D0024,2016,01,66
D0024,2016,02,80
D0024,2016,03,63
D0024,2016,04,23
D0024,2016,05,75
D0024,2016,06,37
D0024,2016,07,18
D0024,2016,08,59
D0024,2016,09,49
D0024,2016,10,100
D0024,2016,11,88
D0024,2016,12,66
D0024,2017,01,85
D0024,2017,02,16
D0024,2017,03,70
D0024,2017,04,17
D0024,2017,05,88
D0024,2017,06,39
D0024,2017,07,99
D0024,2017,08,20
D0024,2017,09,69
D0024,2017,10,32
D0024,2017,11,90
D0024,2017,12,59
D0024,2018,01,51
D0024,2018,02,92
D0024,2018,03,94
D0024,2018,04,29
D0024,2018,05,33
D0024,2018,06,50
D0024,2018,07,82
D0024,2018,08,45
D0024,2018,09,11
D0024,2018,10,35
D0024,2018,11,56
D0024,2018,12,58
